To,From
Khairykj,MuhyiddinYassin
DGHisham,MuhyiddinYassin
IsmailSabri60,MuhyiddinYassin
HishammuddinH2O,MuhyiddinYassin
tzafrul_aziz,MuhyiddinYassin
AzminAli,MuhyiddinYassin
RadziJidin,MuhyiddinYassin
DrAdhamBaba,MuhyiddinYassin
leehsienloong,MuhyiddinYassin
jokowi,MuhyiddinYassin
hannahyeoh,AnwarIbrahim
n_izzah,AnwarIbrahim
drwanazizah,AnwarIbrahim
maszlee,AnwarIbrahim
fahmi_fadzil,AnwarIbrahim
AdamAdli,AnwarIbrahim
chedetofficial,AnwarIbrahim
guanenglim,AnwarIbrahim
AmirudinShari,AnwarIbrahim
NgaKorMing,AnwarIbrahim
Khairykj,JohariOpeng
JapenSarawak,JohariOpeng
thebornoepost,JohariOpeng
NajibRazak,ZahidHamidi
ahmadmaslan,ZahidHamidi
guanenglim,ZahidHamidi
IsmailSabri60,ZahidHamidi
HishammuddinH2O,ZahidHamidi
NgaKorMing,ZahidHamidi
AmirudinShari,ZahidHamidi
abdulhadiawang,ZahidHamidi
RajaPetra,ZahidHamidi
FadhlinaSiddiq,ZahidHamidi
MuhyiddinYassin,HajiJinoor
MasidiM,HajiJinoor
guanenglim,MohdShafieApdal
ahmadmaslan,MohdShafieApdal
ZahidHamidi,MohdShafieApdal
IsmailSabri60,MohdShafieApdal
HishammuddinH2O,MohdShafieApdal
MukhrizMahathir,MohdShafieApdal
SyedSaddiq,MohdShafieApdal
chedetofficial,MohdShafieApdal
BungMoktarRadin,MohdShafieApdal
MohdHajiHasan,MohdShafieApdal
hannahyeoh,SyedSaddiq
n_izzah,SyedSaddiq
rafiziramli,SyedSaddiq
maszlee,SyedSaddiq
drwanazizah,SyedSaddiq
fahmi_fadzil,SyedSaddiq
AdamAdli,SyedSaddiq
chedetofficial,SyedSaddiq
syahredzan,SyedSaddiq
guanenglim,SyedSaddiq
